<?xml version="1.0" encoding="UTF-8" ?>


<schema name="finalfilter" version="1.5">
  
   


   <field name="id" type="int" indexed="true" stored="true" required="true" multiValued="false" />  
   <field name="keyword_filter" type="string" indexed="true" stored="true" omitNorms="true"/>
   <field name="name" type="text_general" indexed="true" stored="true"/>
   <field name="sku" type="text_en_splitting_tight" indexed="true" stored="true" omitNorms="true"/>
   <field name="description" type="text_general" indexed="true" stored="true"/>
   <field name="type" type="string" indexed="true" stored="true" multiValued="true"/>
   <field name="search_keywords" type="text_general" indexed="true" stored="true"/>
    <field name="availability_description" type="text_general" indexed="true" stored="true" omitNorms="true"/>
   <field name="price"  type="float" indexed="true" stored="true"/>
   <field name="cost_price"  type="float" indexed="true" stored="true"/>
   <field name="retail_price" type="float" indexed="true" stored="true"/>
   <field name="sale_price" type="float" indexed="true" stored="true"/>
  <field name="calculated_price" type="float" indexed="true" stored="true"/>
   <field name="sort_order" type="int" indexed="true" stored="true" />
  <field name="is_visible" type="boolean" indexed="true" stored="true" />
   <field name="is_featured" type="boolean" indexed="true" stored="true" />
   <field name="related_products" type="text_general" indexed="true" stored="true" omitNorms="true"/>
   <field name="inventory_level" type="int" indexed="true" stored="true" />
   <field name="inventory_warning_level" type="int" indexed="true" stored="true" />
    <field name="warranty" type="text_general" indexed="true" stored="true"/>
  <field name="weight" type="string" indexed="true" stored="true"/>
  <field name="width" type="string" indexed="true" stored="true"/>
  <field name="hight" type="string" indexed="true" stored="true"/>
 <field name="depth" type="string" indexed="true" stored="true"/>
  <field name="fixed_cost_shipping_price" type="string" indexed="true" stored="true"/>
   <field name="is_free_shipping" type="boolean" indexed="true" stored="true" />
  <field name="inventory_tracking" type="string" indexed="true" stored="true"/>
   <field name="rating_count" type="int" indexed="true" stored="true" />
   <field name="total_sold" type="int" indexed="true" stored="true" />
  <field name="date_created" type="string" indexed="true" stored="true"/>
   <field name="brand_id" type="int" indexed="true" stored="true" />
   <field name="view_count" type="int" indexed="true" stored="true" />
  <field name="page_title" type="string" indexed="true" stored="true"/>
  <field name="meta_keywords" type="string" indexed="true" stored="true"/>
  <field name="meta_description" type="string" indexed="true" stored="true"/>
  <field name="layout_file" type="string" indexed="true" stored="true"/>
  <field name="is_price_hidden" type="boolean" indexed="true" stored="true" />
   <field name="categories" type="text_general" indexed="true" stored="true"/>
  <field name="date_modified" type="string" indexed="true" stored="true"/>
  <field name="event_date_field_name" type="string" indexed="true" stored="true"/>
  <field name="event_date_type" type="string" indexed="true" stored="true"/>
  <field name="event_date_start" type="string" indexed="true" stored="true"/>
  <field name="event_date_end" type="string" indexed="true" stored="true"/>
  <field name="myob_asset_account" type="string" indexed="true" stored="true"/>
  <field name="myob_income_account" type="string" indexed="true" stored="true"/>
  <field name="myob_expense_account" type="string" indexed="true" stored="true"/>
  <field name="peachtree_gl_account" type="string" indexed="true" stored="true"/>
  <field name="condition" type="string" indexed="true" stored="true"/>
  <field name="is_condition_shown" type="boolean" indexed="true" stored="true" />
  <field name="preorder_release_date" type="string" indexed="true" stored="true"/>
  <field name="is_preorder_only" type="boolean" indexed="true" stored="true" />
  <field name="preorder_message" type="string" indexed="true" stored="true"/>
  <field name="order_quantity_minimum" type="int" indexed="true" stored="true" />
  <field name="order_quantity_maximum" type="int" indexed="true" stored="true" />
  <field name="open_graph_type" type="string" indexed="true" stored="true"/>
  <field name="open_graph_title" type="string" indexed="true" stored="true"/>
  <field name="open_graph_description" type="string" indexed="true" stored="true"/>
  <field name="is_open_graph_thumbnail" type="boolean" indexed="true" stored="true" />
  <field name="upc" type="string" indexed="true" stored="true"/>
  <field name="avalara_product_tax_code" type="string" indexed="true" stored="true"/>
  <field name="date_last_imported" type="string" indexed="true" stored="true"/>
  <field name="option_set_id" type="int" indexed="true" stored="true" />
  <field name="tax_class_id" type="int" indexed="true" stored="true" />
  <field name="option_set_display" type="string" indexed="true" stored="true"/>
  <field name="bin_picking_number" type="string" indexed="true" stored="true"/>


<fields name="primary_image" type="text_general" indexed="true" stored="true">
    <field name="id" type="int" indexed="true" stored="true"/>
    <field name="zoom_url" type="string" indexed="true" stored="true"/>
    <field name="thumbnail_url" type="string" indexed="true" stored="true"/>
    <field name="standard_url" type="string" indexed="true" stored="true"/>
    <field name="tiny_url" type="string" indexed="true" stored="true"/>
</fields>

<field name="availability" type="text_general" indexed="true" stored="true"/>

<fields name="brand" type="text_general" indexed="true" stored="true">
    <field name="url" type="string" indexed="true" stored="true"/>
    <field name="resource" type="string" indexed="true" stored="true"/>
</fields>
<fields name="downloads" type="text_general" indexed="true" stored="true">
    <field name="url" type="string" indexed="true" stored="true"/>
    <field name="resource" type="string" indexed="true" stored="true"/>
</fields>

<fields name="images" type="text_general" indexed="true" stored="true">
    <field name="url" type="string" indexed="true" stored="true"/>
    <field name="resource" type="string" indexed="true" stored="true"/>
</fields>
<fields name="configurable_fields" type="text_general" indexed="true" stored="true">
    <field name="url" type="string" indexed="true" stored="true"/>
    <field name="resource" type="string" indexed="true" stored="true"/>
</fields>
<fields name="custom_fields" type="text_general" indexed="true" stored="true">
    <field name="url" type="string" indexed="true" stored="true"/>
    <field name="resource" type="string" indexed="true" stored="true"/>
</fields>
<fields name="videos" type="text_general" indexed="true" stored="true">
    <field name="url" type="string" indexed="true" stored="true"/>
    <field name="resource" type="string" indexed="true" stored="true"/>
</fields>
<fields name="skus" type="text_general" indexed="true" stored="true">
    <field name="url" type="string" indexed="true" stored="true"/>
    <field name="resource" type="string" indexed="true" stored="true"/>
</fields>
<fields name="option_set" type="text_general" indexed="true" stored="true">
    <field name="url" type="string" indexed="true" stored="true"/>
    <field name="resource" type="string" indexed="true" stored="true"/>
</fields>
<fields name="options" type="text_general" indexed="true" stored="true">
    <field name="url" type="string" indexed="true" stored="true"/>
    <field name="resource" type="string" indexed="true" stored="true"/>
</fields>
<fields name="tax_class" type="text_general" indexed="true" stored="true">
    <field name="url" type="string" indexed="true" stored="true"/>
    <field name="resource" type="string" indexed="true" stored="true"/>
</fields>
<fields name="reviews" type="text_general" indexed="true" stored="true">
    <field name="url" type="string" indexed="true" stored="true"/>
    <field name="resource" type="string" indexed="true" stored="true"/>
</fields>
<fields name="metadata" type="text_general" indexed="true" stored="true"/>
   

   
   
   <dynamicField name="*_i"  type="int"    indexed="true"  stored="true"/>
   <dynamicField name="*_is" type="int"    indexed="true"  stored="true"  multiValued="true"/>
   <dynamicField name="*_s"  type="string"  indexed="true"  stored="true" />
   <dynamicField name="*_ss" type="string"  indexed="true"  stored="true" multiValued="true"/>
   <dynamicField name="*_l"  type="long"   indexed="true"  stored="true"/>
   <dynamicField name="*_ls" type="long"   indexed="true"  stored="true"  multiValued="true"/>
   <dynamicField name="*_t"  type="text_general"    indexed="true"  stored="true"/>
   <dynamicField name="*_txt" type="text_general"   indexed="true"  stored="true" multiValued="true"/>
   <dynamicField name="*_en"  type="text_en"    indexed="true"  stored="true" multiValued="true"/>
   <dynamicField name="*_b"  type="boolean" indexed="true" stored="true"/>
   <dynamicField name="*_bs" type="boolean" indexed="true" stored="true"  multiValued="true"/>
   <dynamicField name="*_f"  type="float"  indexed="true"  stored="true"/>
   <dynamicField name="*_fs" type="float"  indexed="true"  stored="true"  multiValued="true"/>
   <dynamicField name="*_d"  type="double" indexed="true"  stored="true"/>
   <dynamicField name="*_ds" type="double" indexed="true"  stored="true"  multiValued="true"/>

   <!-- Type used to index the lat and lon components for the "location" FieldType -->
   <dynamicField name="*_coordinate"  type="tdouble" indexed="true"  stored="false" />

   <dynamicField name="*_dt"  type="date"    indexed="true"  stored="true"/>
   <dynamicField name="*_dts" type="date"    indexed="true"  stored="true" multiValued="true"/>
   <dynamicField name="*_p"  type="location" indexed="true" stored="true"/>

   <!-- some trie-coded dynamic fields for faster range queries -->
   <dynamicField name="*_ti" type="tint"    indexed="true"  stored="true"/>
   <dynamicField name="*_tl" type="tlong"   indexed="true"  stored="true"/>
   <dynamicField name="*_tf" type="tfloat"  indexed="true"  stored="true"/>
   <dynamicField name="*_td" type="tdouble" indexed="true"  stored="true"/>
   <dynamicField name="*_tdt" type="tdate"  indexed="true"  stored="true"/>

   <dynamicField name="*_c"   type="currency" indexed="true"  stored="true"/>

   <dynamicField name="ignored_*" type="ignored" multiValued="true"/>
   <dynamicField name="attr_*" type="text_general" indexed="true" stored="true" multiValued="true"/>

   <dynamicField name="random_*" type="random" />

    <uniqueKey>id</uniqueKey>

 

   <copyField source="cat" dest="text"/>
   <copyField source="name" dest="text"/>
   <copyField source="manu" dest="text"/>
   <copyField source="features" dest="text"/>
   <copyField source="includes" dest="text"/>
   <copyField source="manu" dest="manu_exact"/>

   <!-- Copy the price into a currency enabled field (default USD) -->
   <copyField source="price" dest="price_c"/>

   <!-- Text fields from SolrCell to search by default in our catch-all field -->
   <copyField source="title" dest="text"/>
   <copyField source="author" dest="text"/>
   <copyField source="description" dest="text"/>
   <copyField source="keywords" dest="text"/>
   <copyField source="content" dest="text"/>
   <copyField source="content_type" dest="text"/>
   <copyField source="resourcename" dest="text"/>
   <copyField source="url" dest="text"/>

   <!-- Create a string version of author for faceting -->
   <copyField source="author" dest="author_s"/>
  
   
    <fieldType name="string" class="solr.StrField" sortMissingLast="true" />

    <!-- boolean type: "true" or "false" -->
    <fieldType name="boolean" class="solr.BoolField" sortMissingLast="true"/>

    
    <fieldType name="int" class="solr.TrieIntField" precisionStep="0" positionIncrementGap="0"/>
    <fieldType name="float" class="solr.TrieFloatField" precisionStep="0" positionIncrementGap="0"/>
    <fieldType name="long" class="solr.TrieLongField" precisionStep="0" positionIncrementGap="0"/>
    <fieldType name="double" class="solr.TrieDoubleField" precisionStep="0" positionIncrementGap="0"/>

    
    <fieldType name="tint" class="solr.TrieIntField" precisionStep="8" positionIncrementGap="0"/>
    <fieldType name="tfloat" class="solr.TrieFloatField" precisionStep="8" positionIncrementGap="0"/>
    <fieldType name="tlong" class="solr.TrieLongField" precisionStep="8" positionIncrementGap="0"/>
    <fieldType name="tdouble" class="solr.TrieDoubleField" precisionStep="8" positionIncrementGap="0"/>

    
    <fieldType name="date" class="solr.TrieDateField" precisionStep="0" positionIncrementGap="0"/>

    <!-- A Trie based date field for faster date range queries and date faceting. -->
    <fieldType name="tdate" class="solr.TrieDateField" precisionStep="6" positionIncrementGap="0"/>


    <!--Binary data type. The data should be sent/retrieved in as Base64 encoded Strings -->
    <fieldType name="binary" class="solr.BinaryField"/>

    
    <fieldType name="random" class="solr.RandomSortField" indexed="true" />

    
    <fieldType name="text_ws" class="solr.TextField" positionIncrementGap="100">
      <analyzer>
        <tokenizer class="solr.WhitespaceTokenizerFactory"/>
      </analyzer>
    </fieldType>

    <!-- A text type for English text where stopwords and synonyms are managed using the REST API -->
    <fieldType name="managed_en" class="solr.TextField" positionIncrementGap="100">
      <analyzer>
        <tokenizer class="solr.StandardTokenizerFactory"/>
        <filter class="solr.ManagedStopFilterFactory" managed="english" />
        <filter class="solr.ManagedSynonymFilterFactory" managed="english" />
      </analyzer>
    </fieldType>

   
    <fieldType name="text_general" class="solr.TextField" positionIncrementGap="100">
      <analyzer type="index">
        <tokenizer class="solr.StandardTokenizerFactory"/>
        <filter class="solr.StopFilterFactory" ignoreCase="true" words="stopwords.txt" />
        <!-- in this example, we will only use synonyms at query time
        <filter class="solr.SynonymFilterFactory" synonyms="index_synonyms.txt" ignoreCase="true" expand="false"/>
        -->
        <filter class="solr.LowerCaseFilterFactory"/>
      </analyzer>
      <analyzer type="query">
        <tokenizer class="solr.StandardTokenizerFactory"/>
        <filter class="solr.StopFilterFactory" ignoreCase="true" words="stopwords.txt" />
        <filter class="solr.SynonymFilterFactory" synonyms="synonyms.txt" ignoreCase="true" expand="true"/>
        <filter class="solr.LowerCaseFilterFactory"/>
      </analyzer>
    </fieldType>

    
    <fieldType name="text_en" class="solr.TextField" positionIncrementGap="100">
      <analyzer type="index">
        <tokenizer class="solr.StandardTokenizerFactory"/>
        
        <filter class="solr.StopFilterFactory"
                ignoreCase="true"
                words="lang/stopwords_en.txt"
                />
        <filter class="solr.LowerCaseFilterFactory"/>
  <filter class="solr.EnglishPossessiveFilterFactory"/>
        <filter class="solr.KeywordMarkerFilterFactory" protected="protwords.txt"/>
  <!-- Optionally you may want to use this less aggressive stemmer instead of PorterStemFilterFactory:
        <filter class="solr.EnglishMinimalStemFilterFactory"/>
  -->
        <filter class="solr.PorterStemFilterFactory"/>
      </analyzer>
      <analyzer type="query">
        <tokenizer class="solr.StandardTokenizerFactory"/>
        <filter class="solr.SynonymFilterFactory" synonyms="synonyms.txt" ignoreCase="true" expand="true"/>
        <filter class="solr.StopFilterFactory"
                ignoreCase="true"
                words="lang/stopwords_en.txt"
                />
        <filter class="solr.LowerCaseFilterFactory"/>
  <filter class="solr.EnglishPossessiveFilterFactory"/>
        <filter class="solr.KeywordMarkerFilterFactory" protected="protwords.txt"/>
  <!-- Optionally you may want to use this less aggressive stemmer instead of PorterStemFilterFactory:
        <filter class="solr.EnglishMinimalStemFilterFactory"/>
  -->
        <filter class="solr.PorterStemFilterFactory"/>
      </analyzer>
    </fieldType>

    
    <fieldType name="text_en_splitting" class="solr.TextField" positionIncrementGap="100" autoGeneratePhraseQueries="true">
      <analyzer type="index">
        <tokenizer class="solr.WhitespaceTokenizerFactory"/>
       
        <filter class="solr.StopFilterFactory"
                ignoreCase="true"
                words="lang/stopwords_en.txt"
                />
        <filter class="solr.WordDelimiterFilterFactory" generateWordParts="1" generateNumberParts="1" catenateWords="1" catenateNumbers="1" catenateAll="0" splitOnCaseChange="1"/>
        <filter class="solr.LowerCaseFilterFactory"/>
        <filter class="solr.KeywordMarkerFilterFactory" protected="protwords.txt"/>
        <filter class="solr.PorterStemFilterFactory"/>
      </analyzer>
      <analyzer type="query">
        <tokenizer class="solr.WhitespaceTokenizerFactory"/>
        <filter class="solr.SynonymFilterFactory" synonyms="synonyms.txt" ignoreCase="true" expand="true"/>
        <filter class="solr.StopFilterFactory"
                ignoreCase="true"
                words="lang/stopwords_en.txt"
                />
        <filter class="solr.WordDelimiterFilterFactory" generateWordParts="1" generateNumberParts="1" catenateWords="0" catenateNumbers="0" catenateAll="0" splitOnCaseChange="1"/>
        <filter class="solr.LowerCaseFilterFactory"/>
        <filter class="solr.KeywordMarkerFilterFactory" protected="protwords.txt"/>
        <filter class="solr.PorterStemFilterFactory"/>
      </analyzer>
    </fieldType>

    <!-- Less flexible matching, but less false matches.  Probably not ideal for product names,
         but may be good for SKUs.  Can insert dashes in the wrong place and still match. -->
    <fieldType name="text_en_splitting_tight" class="solr.TextField" positionIncrementGap="100" autoGeneratePhraseQueries="true">
      <analyzer>
        <tokenizer class="solr.WhitespaceTokenizerFactory"/>
        <filter class="solr.SynonymFilterFactory" synonyms="synonyms.txt" ignoreCase="true" expand="false"/>
        <filter class="solr.StopFilterFactory" ignoreCase="true" words="lang/stopwords_en.txt"/>
        <filter class="solr.WordDelimiterFilterFactory" generateWordParts="0" generateNumberParts="0" catenateWords="1" catenateNumbers="1" catenateAll="0"/>
        <filter class="solr.LowerCaseFilterFactory"/>
        <filter class="solr.KeywordMarkerFilterFactory" protected="protwords.txt"/>
        <filter class="solr.EnglishMinimalStemFilterFactory"/>
       
        <filter class="solr.RemoveDuplicatesTokenFilterFactory"/>
      </analyzer>
    </fieldType>

    <!-- Just like text_general except it reverses the characters of
   each token, to enable more efficient leading wildcard queries. -->
    <fieldType name="text_general_rev" class="solr.TextField" positionIncrementGap="100">
      <analyzer type="index">
        <tokenizer class="solr.StandardTokenizerFactory"/>
        <filter class="solr.StopFilterFactory" ignoreCase="true" words="stopwords.txt" />
        <filter class="solr.LowerCaseFilterFactory"/>
        <filter class="solr.ReversedWildcardFilterFactory" withOriginal="true"
           maxPosAsterisk="3" maxPosQuestion="2" maxFractionAsterisk="0.33"/>
      </analyzer>
      <analyzer type="query">
        <tokenizer class="solr.StandardTokenizerFactory"/>
        <filter class="solr.SynonymFilterFactory" synonyms="synonyms.txt" ignoreCase="true" expand="true"/>
        <filter class="solr.StopFilterFactory" ignoreCase="true" words="stopwords.txt" />
        <filter class="solr.LowerCaseFilterFactory"/>
      </analyzer>
    </fieldType>

   
    <fieldType name="alphaOnlySort" class="solr.TextField" sortMissingLast="true" omitNorms="true">
      <analyzer>
        <!-- KeywordTokenizer does no actual tokenizing, so the entire
             input string is preserved as a single token
          -->
        <tokenizer class="solr.KeywordTokenizerFactory"/>
        <!-- The LowerCase TokenFilter does what you expect, which can be
             when you want your sorting to be case insensitive
          -->
        <filter class="solr.LowerCaseFilterFactory" />
        <!-- The TrimFilter removes any leading or trailing whitespace -->
        <filter class="solr.TrimFilterFactory" />
       
        <filter class="solr.PatternReplaceFilterFactory"
                pattern="([^a-z])" replacement="" replace="all"
        />
      </analyzer>
    </fieldType>
    
    <fieldType name="phonetic" stored="false" indexed="true" class="solr.TextField" >
      <analyzer>
        <tokenizer class="solr.StandardTokenizerFactory"/>
        <filter class="solr.DoubleMetaphoneFilterFactory" inject="false"/>
      </analyzer>
    </fieldType>

    <fieldType name="payloads" stored="false" indexed="true" class="solr.TextField" >
      <analyzer>
        <tokenizer class="solr.WhitespaceTokenizerFactory"/>
        <filter class="solr.DelimitedPayloadTokenFilterFactory" encoder="float"/>
      </analyzer>
    </fieldType>

    <!-- lowercases the entire field value, keeping it as a single token.  -->
    <fieldType name="lowercase" class="solr.TextField" positionIncrementGap="100">
      <analyzer>
        <tokenizer class="solr.KeywordTokenizerFactory"/>
        <filter class="solr.LowerCaseFilterFactory" />
      </analyzer>
    </fieldType>

    <!-- 
      Example of using PathHierarchyTokenizerFactory at index time, so
      queries for paths match documents at that path, or in descendent paths
    -->
    <fieldType name="descendent_path" class="solr.TextField">
      <analyzer type="index">
  <tokenizer class="solr.PathHierarchyTokenizerFactory" delimiter="/" />
      </analyzer>
      <analyzer type="query">
  <tokenizer class="solr.KeywordTokenizerFactory" />
      </analyzer>
    </fieldType>
    <!-- 
      Example of using PathHierarchyTokenizerFactory at query time, so
      queries for paths match documents at that path, or in ancestor paths
    -->
    <fieldType name="ancestor_path" class="solr.TextField">
      <analyzer type="index">
  <tokenizer class="solr.KeywordTokenizerFactory" />
      </analyzer>
      <analyzer type="query">
  <tokenizer class="solr.PathHierarchyTokenizerFactory" delimiter="/" />
      </analyzer>
    </fieldType>

    <!-- since fields of this type are by default not stored or indexed,
         any data added to them will be ignored outright.  --> 
    <fieldType name="ignored" stored="false" indexed="false" multiValued="true" class="solr.StrField" />

   
    <fieldType name="point" class="solr.PointType" dimension="2" subFieldSuffix="_d"/>

    <!-- A specialized field for geospatial search. If indexed, this fieldType must not be multivalued. -->
    <fieldType name="location" class="solr.LatLonType" subFieldSuffix="_coordinate"/>

    <!-- An alternative geospatial field type new to Solr 4.  It supports multiValued and polygon shapes.
      For more information about this and other Spatial fields new to Solr 4, see:
      http://wiki.apache.org/solr/SolrAdaptersForLuceneSpatial4
    -->
    <fieldType name="location_rpt" class="solr.SpatialRecursivePrefixTreeFieldType"
        geo="true" distErrPct="0.025" maxDistErr="0.001" distanceUnits="kilometers" />

    <!-- Spatial rectangle (bounding box) field. It supports most spatial predicates, and has
     special relevancy modes: score=overlapRatio|area|area2D (local-param to the query).  DocValues is recommended for
     relevancy. -->
    <fieldType name="bbox" class="solr.BBoxField"
               geo="true" distanceUnits="kilometers" numberType="_bbox_coord" />
    <fieldType name="_bbox_coord" class="solr.TrieDoubleField" precisionStep="8" docValues="true" stored="false"/>

   
    <fieldType name="currency" class="solr.CurrencyField" precisionStep="8" defaultCurrency="USD" currencyConfig="currency.xml" />
             


</schema>

