<?xml version="1.0"?>
<products><product><id>77</id><keyword_filter>NULL</keyword_filter><name>[Sample] Fog Linen Chambray Towel - Beige Stripe</name><type>physical</type><sku>SLCTBS</sku><description><![CDATA[<p>The perfect beach towel: thin, lightweight and highly&nbsp;absorbent. Crafted by Fog Linen in Japan using soft&nbsp;Lithuanian&nbsp;linen, each towel rolls up for compact stowaway. Dry off after a refreshing dip in the ocean and stretch out on it for a sun bath. The thinness ensures a quick dry so you can have it rolled back up in your bag without soaking your belongings.</p>
<p>Measures 75 x 145 cm/29.5 x 57 in</p>
<p>100% Linen</p>]]></description><search_keywords/><availability_description/><price>49.0000</price><cost_price>0.0000</cost_price><retail_price>0.0000</retail_price><sale_price>0.0000</sale_price><calculated_price>49.0000</calculated_price><sort_order>0</sort_order><is_visible>true</is_visible><is_featured>false</is_featured><related_products>-1</related_products><inventory_level>0</inventory_level><inventory_warning_level>0</inventory_warning_level><warranty/><weight>1.0000</weight><width>0.0000</width><height>0.0000</height><depth>0.0000</depth><fixed_cost_shipping_price>0.0000</fixed_cost_shipping_price><is_free_shipping>false</is_free_shipping><inventory_tracking>none</inventory_tracking><rating_total>0</rating_total><rating_count>0</rating_count><total_sold>4</total_sold><date_created>Fri, 03 Jul 2015 17:57:10 +0000</date_created><brand_id>0</brand_id><view_count>63</view_count><page_title/><meta_keywords/><meta_description/><layout_file>product.html</layout_file><is_price_hidden>false</is_price_hidden><price_hidden_label>0</price_hidden_label><categories><value>18</value><value>23</value></categories><date_modified>Wed, 05 Aug 2015 18:17:22 +0000</date_modified><event_date_field_name>Delivery Date</event_date_field_name><event_date_type>none</event_date_type><event_date_start/><event_date_end/><myob_asset_account>0</myob_asset_account><myob_income_account>0</myob_income_account><myob_expense_account>0</myob_expense_account><peachtree_gl_account>0</peachtree_gl_account><condition>New</condition><is_condition_shown>false</is_condition_shown><preorder_release_date/><is_preorder_only>false</is_preorder_only><preorder_message>0</preorder_message><order_quantity_minimum>0</order_quantity_minimum><order_quantity_maximum>0</order_quantity_maximum><open_graph_type>product</open_graph_type><open_graph_title>0</open_graph_title><open_graph_description>0</open_graph_description><is_open_graph_thumbnail>true</is_open_graph_thumbnail><upc>0</upc><avalara_product_tax_code/><date_last_imported/><option_set_id>14</option_set_id><tax_class_id>0</tax_class_id><option_set_display>right</option_set_display><bin_picking_number/><custom_url>/fog-linen-chambray-towel-beige-stripe/</custom_url><primary_image><id>266</id><zoom_url>https://cdn6.bigcommerce.com/s-vbsnww/products/77/images/266/foglinenbeigestripetowel1b.1435946201.1280.1280.png?c=2</zoom_url><thumbnail_url>https://cdn6.bigcommerce.com/s-vbsnww/products/77/images/266/foglinenbeigestripetowel1b.1435946201.244.365.png?c=2</thumbnail_url><standard_url>https://cdn6.bigcommerce.com/s-vbsnww/products/77/images/266/foglinenbeigestripetowel1b.1435946201.332.500.png?c=2</standard_url><tiny_url>https://cdn6.bigcommerce.com/s-vbsnww/products/77/images/266/foglinenbeigestripetowel1b.1435946201.90.90.png?c=2</tiny_url></primary_image><availability>available</availability><brand><link rel="resource" href="https://store-vbsnww.mybigcommerce.com/api/v2/brands/0.xml">/brands/0</link></brand><downloads><link rel="resource" href="https://store-vbsnww.mybigcommerce.com/api/v2/products/77/downloads.xml">/products/77/downloads</link></downloads><images><link rel="resource" href="https://store-vbsnww.mybigcommerce.com/api/v2/products/77/images.xml">/products/77/images</link></images><discount_rules><link rel="resource" href="https://store-vbsnww.mybigcommerce.com/api/v2/products/77/discountrules.xml">/products/77/discountrules</link></discount_rules><configurable_fields><link rel="resource" href="https://store-vbsnww.mybigcommerce.com/api/v2/products/77/configurablefields.xml">/products/77/configurablefields</link></configurable_fields><custom_fields><link rel="resource" href="https://store-vbsnww.mybigcommerce.com/api/v2/products/77/customfields.xml">/products/77/customfields</link></custom_fields><videos><link rel="resource" href="https://store-vbsnww.mybigcommerce.com/api/v2/products/77/videos.xml">/products/77/videos</link></videos><skus><link rel="resource" href="https://store-vbsnww.mybigcommerce.com/api/v2/products/77/skus.xml">/products/77/skus</link></skus><rules><link rel="resource" href="https://store-vbsnww.mybigcommerce.com/api/v2/products/77/rules.xml">/products/77/rules</link></rules><option_set><link rel="resource" href="https://store-vbsnww.mybigcommerce.com/api/v2/optionsets/14.xml">/optionsets/14</link></option_set><options><link rel="resource" href="https://store-vbsnww.mybigcommerce.com/api/v2/products/77/options.xml">/products/77/options</link></options><tax_class><link rel="resource" href="https://store-vbsnww.mybigcommerce.com/api/v2/taxclasses/0.xml">/taxclasses/0</link></tax_class><reviews><link rel="resource" href="https://store-vbsnww.mybigcommerce.com/api/v2/products/77/reviews.xml">/products/77/reviews</link></reviews><metadata/></product><product><id>80</id><keyword_filter>NULL</keyword_filter><name>[Sample] Orbit Terrarium - Large</name><type>physical</type><sku>OTL</sku><description><![CDATA[<p>This strikingly beautiful terrarium will make a welcome addition to your home bringing some green to the scene. A handblown glass sphere rests freely on a thick, concave carved fir base allowing it&nbsp;to be angled in any direction.&nbsp;</p>
<p><em>Plants, rocks and soil are not included.&nbsp;</em></p>
<p>Measures 21.59 cm dia x 26.7 cm h /&nbsp;8.5 in dia x 10.5 in h</p>]]></description><search_keywords/><availability_description/><price>109.0000</price><cost_price>0.0000</cost_price><retail_price>0.0000</retail_price><sale_price>0.0000</sale_price><calculated_price>109.0000</calculated_price><sort_order>0</sort_order><is_visible>true</is_visible><is_featured>false</is_featured><related_products>-1</related_products><inventory_level>0</inventory_level><inventory_warning_level>0</inventory_warning_level><warranty/><weight>1.0000</weight><width>1.0000</width><height>1.0000</height><depth>1.0000</depth><fixed_cost_shipping_price>0.0000</fixed_cost_shipping_price><is_free_shipping>false</is_free_shipping><inventory_tracking>none</inventory_tracking><rating_total>4</rating_total><rating_count>1</rating_count><total_sold>2</total_sold><date_created>Fri, 03 Jul 2015 18:02:32 +0000</date_created><brand_id>0</brand_id><view_count>73</view_count><page_title/><meta_keywords/><meta_description/><layout_file>product.html</layout_file><is_price_hidden>false</is_price_hidden><price_hidden_label>0</price_hidden_label><categories><value>19</value><value>23</value></categories><date_modified>Tue, 15 Dec 2015 06:23:43 +0000</date_modified><event_date_field_name>Delivery Date</event_date_field_name><event_date_type>none</event_date_type><event_date_start/><event_date_end/><myob_asset_account>0</myob_asset_account><myob_income_account>0</myob_income_account><myob_expense_account>0</myob_expense_account><peachtree_gl_account>0</peachtree_gl_account><condition>New</condition><is_condition_shown>false</is_condition_shown><preorder_release_date/><is_preorder_only>false</is_preorder_only><preorder_message>0</preorder_message><order_quantity_minimum>0</order_quantity_minimum><order_quantity_maximum>0</order_quantity_maximum><open_graph_type>product</open_graph_type><open_graph_title/><open_graph_description>0</open_graph_description><is_open_graph_thumbnail>true</is_open_graph_thumbnail><upc>0</upc><avalara_product_tax_code/><date_last_imported/><option_set_id>0</option_set_id><tax_class_id>0</tax_class_id><option_set_display>right</option_set_display><bin_picking_number/><custom_url>/orbit-terrarium-large/</custom_url><primary_image><id>272</id><zoom_url>https://cdn6.bigcommerce.com/s-vbsnww/products/80/images/272/roundterrariumlarge.1435946546.1280.1280.png?c=2</zoom_url><thumbnail_url>https://cdn6.bigcommerce.com/s-vbsnww/products/80/images/272/roundterrariumlarge.1435946546.244.365.png?c=2</thumbnail_url><standard_url>https://cdn6.bigcommerce.com/s-vbsnww/products/80/images/272/roundterrariumlarge.1435946546.332.500.png?c=2</standard_url><tiny_url>https://cdn6.bigcommerce.com/s-vbsnww/products/80/images/272/roundterrariumlarge.1435946546.90.90.png?c=2</tiny_url></primary_image><availability>available</availability><brand><link rel="resource" href="https://store-vbsnww.mybigcommerce.com/api/v2/brands/0.xml">/brands/0</link></brand><downloads><link rel="resource" href="https://store-vbsnww.mybigcommerce.com/api/v2/products/80/downloads.xml">/products/80/downloads</link></downloads><images><link rel="resource" href="https://store-vbsnww.mybigcommerce.com/api/v2/products/80/images.xml">/products/80/images</link></images><discount_rules><link rel="resource" href="https://store-vbsnww.mybigcommerce.com/api/v2/products/80/discountrules.xml">/products/80/discountrules</link></discount_rules><configurable_fields><link rel="resource" href="https://store-vbsnww.mybigcommerce.com/api/v2/products/80/configurablefields.xml">/products/80/configurablefields</link></configurable_fields><custom_fields><link rel="resource" href="https://store-vbsnww.mybigcommerce.com/api/v2/products/80/customfields.xml">/products/80/customfields</link></custom_fields><videos><link rel="resource" href="https://store-vbsnww.mybigcommerce.com/api/v2/products/80/videos.xml">/products/80/videos</link></videos><skus><link rel="resource" href="https://store-vbsnww.mybigcommerce.com/api/v2/products/80/skus.xml">/products/80/skus</link></skus><rules><link rel="resource" href="https://store-vbsnww.mybigcommerce.com/api/v2/products/80/rules.xml">/products/80/rules</link></rules><option_set><link rel="resource" href="https://store-vbsnww.mybigcommerce.com/api/v2/optionsets/0.xml">/optionsets/0</link></option_set><options><link rel="resource" href="https://store-vbsnww.mybigcommerce.com/api/v2/products/80/options.xml">/products/80/options</link></options><tax_class><link rel="resource" href="https://store-vbsnww.mybigcommerce.com/api/v2/taxclasses/0.xml">/taxclasses/0</link></tax_class><reviews><link rel="resource" href="https://store-vbsnww.mybigcommerce.com/api/v2/products/80/reviews.xml">/products/80/reviews</link></reviews><metadata/></product><product><id>81</id><keyword_filter>NULL</keyword_filter><name>[Sample] Orbit Terrarium - Small</name><type>physical</type><sku>OTS</sku><description><![CDATA[<p>This strikingly beautiful terrarium will make a welcome addition to your home bringing some green to the scene. A handblown glass sphere rests freely on a thick, concave carved fir base allowing it&nbsp;to be angled in any direction.&nbsp;</p>
<p><em>Plants, rocks and soil are not included.&nbsp;</em></p>
<p>Measures 16.5&nbsp;cm dia x 17.8&nbsp;cm h / 6.5 in dia x 7&nbsp;in h</p>]]></description><search_keywords/><availability_description/><price>89.0000</price><cost_price>0.0000</cost_price><retail_price>0.0000</retail_price><sale_price>0.0000</sale_price><calculated_price>89.0000</calculated_price><sort_order>0</sort_order><is_visible>true</is_visible><is_featured>false</is_featured><related_products>-1</related_products><inventory_level>0</inventory_level><inventory_warning_level>0</inventory_warning_level><warranty/><weight>1.0000</weight><width>0.0000</width><height>0.0000</height><depth>0.0000</depth><fixed_cost_shipping_price>0.0000</fixed_cost_shipping_price><is_free_shipping>false</is_free_shipping><inventory_tracking>none</inventory_tracking><rating_total>0</rating_total><rating_count>0</rating_count><total_sold>1</total_sold><date_created>Fri, 03 Jul 2015 18:03:57 +0000</date_created><brand_id>0</brand_id><view_count>62</view_count><page_title/><meta_keywords/><meta_description/><layout_file>product.html</layout_file><is_price_hidden>false</is_price_hidden><price_hidden_label>0</price_hidden_label><categories><value>19</value><value>23</value></categories><date_modified>Tue, 15 Dec 2015 06:22:30 +0000</date_modified><event_date_field_name>Delivery Date</event_date_field_name><event_date_type>none</event_date_type><event_date_start/><event_date_end/><myob_asset_account>0</myob_asset_account><myob_income_account>0</myob_income_account><myob_expense_account>0</myob_expense_account><peachtree_gl_account>0</peachtree_gl_account><condition>New</condition><is_condition_shown>false</is_condition_shown><preorder_release_date/><is_preorder_only>false</is_preorder_only><preorder_message>0</preorder_message><order_quantity_minimum>0</order_quantity_minimum><order_quantity_maximum>0</order_quantity_maximum><open_graph_type>product</open_graph_type><open_graph_title>0</open_graph_title><open_graph_description>0</open_graph_description><is_open_graph_thumbnail>true</is_open_graph_thumbnail><upc>0</upc><avalara_product_tax_code/><date_last_imported/><option_set_id>0</option_set_id><tax_class_id>0</tax_class_id><option_set_display>right</option_set_display><bin_picking_number>0</bin_picking_number><custom_url>/orbit-terrarium-small/</custom_url><primary_image><id>273</id><zoom_url>https://cdn6.bigcommerce.com/s-vbsnww/products/81/images/273/roundterrariumsmall.1435946629.1280.1280.png?c=2</zoom_url><thumbnail_url>https://cdn6.bigcommerce.com/s-vbsnww/products/81/images/273/roundterrariumsmall.1435946629.244.365.png?c=2</thumbnail_url><standard_url>https://cdn6.bigcommerce.com/s-vbsnww/products/81/images/273/roundterrariumsmall.1435946629.332.500.png?c=2</standard_url><tiny_url>https://cdn6.bigcommerce.com/s-vbsnww/products/81/images/273/roundterrariumsmall.1435946629.90.90.png?c=2</tiny_url></primary_image><availability>available</availability><brand><link rel="resource" href="https://store-vbsnww.mybigcommerce.com/api/v2/brands/0.xml">/brands/0</link></brand><downloads><link rel="resource" href="https://store-vbsnww.mybigcommerce.com/api/v2/products/81/downloads.xml">/products/81/downloads</link></downloads><images><link rel="resource" href="https://store-vbsnww.mybigcommerce.com/api/v2/products/81/images.xml">/products/81/images</link></images><discount_rules><link rel="resource" href="https://store-vbsnww.mybigcommerce.com/api/v2/products/81/discountrules.xml">/products/81/discountrules</link></discount_rules><configurable_fields><link rel="resource" href="https://store-vbsnww.mybigcommerce.com/api/v2/products/81/configurablefields.xml">/products/81/configurablefields</link></configurable_fields><custom_fields><link rel="resource" href="https://store-vbsnww.mybigcommerce.com/api/v2/products/81/customfields.xml">/products/81/customfields</link></custom_fields><videos><link rel="resource" href="https://store-vbsnww.mybigcommerce.com/api/v2/products/81/videos.xml">/products/81/videos</link></videos><skus><link rel="resource" href="https://store-vbsnww.mybigcommerce.com/api/v2/products/81/skus.xml">/products/81/skus</link></skus><rules><link rel="resource" href="https://store-vbsnww.mybigcommerce.com/api/v2/products/81/rules.xml">/products/81/rules</link></rules><option_set><link rel="resource" href="https://store-vbsnww.mybigcommerce.com/api/v2/optionsets/0.xml">/optionsets/0</link></option_set><options><link rel="resource" href="https://store-vbsnww.mybigcommerce.com/api/v2/products/81/options.xml">/products/81/options</link></options><tax_class><link rel="resource" href="https://store-vbsnww.mybigcommerce.com/api/v2/taxclasses/0.xml">/taxclasses/0</link></tax_class><reviews><link rel="resource" href="https://store-vbsnww.mybigcommerce.com/api/v2/products/81/reviews.xml">/products/81/reviews</link></reviews><metadata/></product><product><id>86</id><keyword_filter>NULL</keyword_filter><name>[Sample] Able Brewing System</name><type>physical</type><sku>ABS</sku><description><![CDATA[<p>Stemming from an intense passion for the most flavourful cup of coffee, Able Brewing&nbsp;set out&nbsp;to create a brewer that was as aesthetically pleasing as it was functional. They&nbsp;imagined a product that would easily find itself at home in your&nbsp;kitchen during your morning routine. A product that would successfully showcase the Kone filter that they had painstakingly perfected.&nbsp;Inspired by Japanese and Mid-Century design, the resulting brewer elegantly serves pour over coffee. The multi-part design allows the top brewer portion to be removed once brewing is complete&nbsp;leaving a single pot server. The all ceramic exterior is dishwasher safe.&nbsp;</p>
<p>Made in the USA</p>
<p>Measures 20.3 x 15.2 cm / 8 in x 6 in</p>
<p>Capacity 946 ml / 32 oz.</p>]]></description><search_keywords/><availability_description/><price>225.0000</price><cost_price>0.0000</cost_price><retail_price>0.0000</retail_price><sale_price>0.0000</sale_price><calculated_price>225.0000</calculated_price><sort_order>0</sort_order><is_visible>true</is_visible><is_featured>false</is_featured><related_products>-1</related_products><inventory_level>0</inventory_level><inventory_warning_level>0</inventory_warning_level><warranty/><weight>1.0000</weight><width>10.0000</width><height>10.0000</height><depth>10.0000</depth><fixed_cost_shipping_price>0.0000</fixed_cost_shipping_price><is_free_shipping>true</is_free_shipping><inventory_tracking>none</inventory_tracking><rating_total>0</rating_total><rating_count>0</rating_count><total_sold>2147483647</total_sold><date_created>Fri, 03 Jul 2015 18:16:02 +0000</date_created><brand_id>0</brand_id><view_count>93</view_count><page_title/><meta_keywords/><meta_description/><layout_file>product.html</layout_file><is_price_hidden>false</is_price_hidden><price_hidden_label>0</price_hidden_label><categories><value>21</value><value>23</value></categories><date_modified>Fri, 21 Aug 2015 22:53:23 +0000</date_modified><event_date_field_name>Delivery Date</event_date_field_name><event_date_type>none</event_date_type><event_date_start/><event_date_end/><myob_asset_account>0</myob_asset_account><myob_income_account>0</myob_income_account><myob_expense_account>0</myob_expense_account><peachtree_gl_account>0</peachtree_gl_account><condition>New</condition><is_condition_shown>false</is_condition_shown><preorder_release_date/><is_preorder_only>false</is_preorder_only><preorder_message>0</preorder_message><order_quantity_minimum>0</order_quantity_minimum><order_quantity_maximum>0</order_quantity_maximum><open_graph_type>product</open_graph_type><open_graph_title>0</open_graph_title><open_graph_description>0</open_graph_description><is_open_graph_thumbnail>true</is_open_graph_thumbnail><upc>0</upc><avalara_product_tax_code/><date_last_imported/><option_set_id>0</option_set_id><tax_class_id>0</tax_class_id><option_set_display>right</option_set_display><bin_picking_number/><custom_url>/able-brewing-system/</custom_url><primary_image><id>286</id><zoom_url>https://cdn6.bigcommerce.com/s-vbsnww/products/86/images/286/ablebrewingsystem4.1435947369.1280.1280.png?c=2</zoom_url><thumbnail_url>https://cdn6.bigcommerce.com/s-vbsnww/products/86/images/286/ablebrewingsystem4.1435947369.244.365.png?c=2</thumbnail_url><standard_url>https://cdn6.bigcommerce.com/s-vbsnww/products/86/images/286/ablebrewingsystem4.1435947369.332.500.png?c=2</standard_url><tiny_url>https://cdn6.bigcommerce.com/s-vbsnww/products/86/images/286/ablebrewingsystem4.1435947369.90.90.png?c=2</tiny_url></primary_image><availability>available</availability><brand><link rel="resource" href="https://store-vbsnww.mybigcommerce.com/api/v2/brands/0.xml">/brands/0</link></brand><downloads><link rel="resource" href="https://store-vbsnww.mybigcommerce.com/api/v2/products/86/downloads.xml">/products/86/downloads</link></downloads><images><link rel="resource" href="https://store-vbsnww.mybigcommerce.com/api/v2/products/86/images.xml">/products/86/images</link></images><discount_rules><link rel="resource" href="https://store-vbsnww.mybigcommerce.com/api/v2/products/86/discountrules.xml">/products/86/discountrules</link></discount_rules><configurable_fields><link rel="resource" href="https://store-vbsnww.mybigcommerce.com/api/v2/products/86/configurablefields.xml">/products/86/configurablefields</link></configurable_fields><custom_fields><link rel="resource" href="https://store-vbsnww.mybigcommerce.com/api/v2/products/86/customfields.xml">/products/86/customfields</link></custom_fields><videos><link rel="resource" href="https://store-vbsnww.mybigcommerce.com/api/v2/products/86/videos.xml">/products/86/videos</link></videos><skus><link rel="resource" href="https://store-vbsnww.mybigcommerce.com/api/v2/products/86/skus.xml">/products/86/skus</link></skus><rules><link rel="resource" href="https://store-vbsnww.mybigcommerce.com/api/v2/products/86/rules.xml">/products/86/rules</link></rules><option_set><link rel="resource" href="https://store-vbsnww.mybigcommerce.com/api/v2/optionsets/0.xml">/optionsets/0</link></option_set><options><link rel="resource" href="https://store-vbsnww.mybigcommerce.com/api/v2/products/86/options.xml">/products/86/options</link></options><tax_class><link rel="resource" href="https://store-vbsnww.mybigcommerce.com/api/v2/taxclasses/0.xml">/taxclasses/0</link></tax_class><reviews><link rel="resource" href="https://store-vbsnww.mybigcommerce.com/api/v2/products/86/reviews.xml">/products/86/reviews</link></reviews><metadata/></product><product><id>88</id><keyword_filter>NULL</keyword_filter><name>[Sample] Chemex Coffeemaker 3 Cup</name><type>physical</type><sku>CC3C</sku><description><![CDATA[<p>The Chemex Coffeemaker was created in 1939 by famed inventor Peter J. Schlumbohm.</p>
<p>Applying his knowledge of filtration and extraction, Mr. Schlumbohm was able to craft the vessel that would pour the perfect cup of joe. The angles of the drip, thickness of the filter paper and the air vent chamber allow coffee to brew in a specified time and release gases that are usually trapped in by other brewing methods. This results in a smooth, bitter-free cup in less than four minutes.</p>
<p>Made of labratory heatproof borosilicate glass with a simple wooden handle, the Chemex coffeemaker's design has been inducted in to the permanent collection of The Museum of Modern Art.</p>
<p>Measures 21 cm h x 7.6 cm dia/8.25 in h x 3 in dia</p>
<p>Capacity 473 ml/1 Pint</p>]]></description><search_keywords/><availability_description/><price>49.5000</price><cost_price>0.0000</cost_price><retail_price>0.0000</retail_price><sale_price>0.0000</sale_price><calculated_price>49.5000</calculated_price><sort_order>0</sort_order><is_visible>true</is_visible><is_featured>false</is_featured><related_products>-1</related_products><inventory_level>0</inventory_level><inventory_warning_level>0</inventory_warning_level><warranty/><weight>1.0000</weight><width>0.0000</width><height>0.0000</height><depth>0.0000</depth><fixed_cost_shipping_price>0.0000</fixed_cost_shipping_price><is_free_shipping>false</is_free_shipping><inventory_tracking>none</inventory_tracking><rating_total>0</rating_total><rating_count>0</rating_count><total_sold>621</total_sold><date_created>Fri, 03 Jul 2015 18:19:17 +0000</date_created><brand_id>0</brand_id><view_count>5</view_count><page_title>0</page_title><meta_keywords>0</meta_keywords><meta_description>0</meta_description><layout_file>product.html</layout_file><is_price_hidden>false</is_price_hidden><price_hidden_label>0</price_hidden_label><categories><value>21</value><value>23</value></categories><date_modified>Fri, 03 Jul 2015 20:46:38 +0000</date_modified><event_date_field_name>Delivery Date</event_date_field_name><event_date_type>none</event_date_type><event_date_start/><event_date_end/><myob_asset_account>0</myob_asset_account><myob_income_account>0</myob_income_account><myob_expense_account>0</myob_expense_account><peachtree_gl_account>0</peachtree_gl_account><condition>New</condition><is_condition_shown>false</is_condition_shown><preorder_release_date/><is_preorder_only>false</is_preorder_only><preorder_message>0</preorder_message><order_quantity_minimum>0</order_quantity_minimum><order_quantity_maximum>0</order_quantity_maximum><open_graph_type>product</open_graph_type><open_graph_title>0</open_graph_title><open_graph_description>0</open_graph_description><is_open_graph_thumbnail>true</is_open_graph_thumbnail><upc>0</upc><avalara_product_tax_code/><date_last_imported/><option_set_id>0</option_set_id><tax_class_id>0</tax_class_id><option_set_display>right</option_set_display><bin_picking_number>0</bin_picking_number><custom_url>/chemex-coffeemaker-3-cup/</custom_url><primary_image><id>292</id><zoom_url>https://cdn6.bigcommerce.com/s-vbsnww/products/88/images/292/3cupchemex5.1435947538.1280.1280.png?c=2</zoom_url><thumbnail_url>https://cdn6.bigcommerce.com/s-vbsnww/products/88/images/292/3cupchemex5.1435947538.244.365.png?c=2</thumbnail_url><standard_url>https://cdn6.bigcommerce.com/s-vbsnww/products/88/images/292/3cupchemex5.1435947538.332.500.png?c=2</standard_url><tiny_url>https://cdn6.bigcommerce.com/s-vbsnww/products/88/images/292/3cupchemex5.1435947538.90.90.png?c=2</tiny_url></primary_image><availability>available</availability><brand><link rel="resource" href="https://store-vbsnww.mybigcommerce.com/api/v2/brands/0.xml">/brands/0</link></brand><downloads><link rel="resource" href="https://store-vbsnww.mybigcommerce.com/api/v2/products/88/downloads.xml">/products/88/downloads</link></downloads><images><link rel="resource" href="https://store-vbsnww.mybigcommerce.com/api/v2/products/88/images.xml">/products/88/images</link></images><discount_rules><link rel="resource" href="https://store-vbsnww.mybigcommerce.com/api/v2/products/88/discountrules.xml">/products/88/discountrules</link></discount_rules><configurable_fields><link rel="resource" href="https://store-vbsnww.mybigcommerce.com/api/v2/products/88/configurablefields.xml">/products/88/configurablefields</link></configurable_fields><custom_fields><link rel="resource" href="https://store-vbsnww.mybigcommerce.com/api/v2/products/88/customfields.xml">/products/88/customfields</link></custom_fields><videos><link rel="resource" href="https://store-vbsnww.mybigcommerce.com/api/v2/products/88/videos.xml">/products/88/videos</link></videos><skus><link rel="resource" href="https://store-vbsnww.mybigcommerce.com/api/v2/products/88/skus.xml">/products/88/skus</link></skus><rules><link rel="resource" href="https://store-vbsnww.mybigcommerce.com/api/v2/products/88/rules.xml">/products/88/rules</link></rules><option_set><link rel="resource" href="https://store-vbsnww.mybigcommerce.com/api/v2/optionsets/0.xml">/optionsets/0</link></option_set><options><link rel="resource" href="https://store-vbsnww.mybigcommerce.com/api/v2/products/88/options.xml">/products/88/options</link></options><tax_class><link rel="resource" href="https://store-vbsnww.mybigcommerce.com/api/v2/taxclasses/0.xml">/taxclasses/0</link></tax_class><reviews><link rel="resource" href="https://store-vbsnww.mybigcommerce.com/api/v2/products/88/reviews.xml">/products/88/reviews</link></reviews><metadata/></product><product><id>93</id><keyword_filter>NULL</keyword_filter><name>[Sample] 1 L Le Parfait Jar</name><type>physical</type><sku>SLLPJ</sku><description><![CDATA[<p>When translated Le Parfait means "the perfect one" - and that's just what this air-tight jar is. Designed for canning, these jars will ensure your harvest does not spoil, but is kept well-preserved for those cold winter months that lie ahead. Also can be used to store grains, beans and spices. Lid easily removes for a thorough cleaning. May be frozen - just be sure to leave enough room for expansion.&nbsp;</p><p>1 L/34 fl oz</p>]]></description><search_keywords>jar, glass</search_keywords><availability_description/><price>9.9500</price><cost_price>8.0000</cost_price><retail_price>10.0000</retail_price><sale_price>7.0000</sale_price><calculated_price>7.0000</calculated_price><sort_order>0</sort_order><is_visible>true</is_visible><is_featured>false</is_featured><related_products>-1</related_products><inventory_level>0</inventory_level><inventory_warning_level>0</inventory_warning_level><warranty/><weight>1.0000</weight><width>0.0000</width><height>0.0000</height><depth>0.0000</depth><fixed_cost_shipping_price>0.0000</fixed_cost_shipping_price><is_free_shipping>false</is_free_shipping><inventory_tracking>none</inventory_tracking><rating_total>5</rating_total><rating_count>1</rating_count><total_sold>0</total_sold><date_created>Fri, 03 Jul 2015 18:29:43 +0000</date_created><brand_id>36</brand_id><view_count>1052</view_count><page_title/><meta_keywords/><meta_description/><layout_file>product.html</layout_file><is_price_hidden>false</is_price_hidden><price_hidden_label>0</price_hidden_label><categories><value>21</value><value>23</value></categories><date_modified>Thu, 06 Aug 2015 18:01:49 +0000</date_modified><event_date_field_name>Delivery Date</event_date_field_name><event_date_type>none</event_date_type><event_date_start/><event_date_end/><myob_asset_account>0</myob_asset_account><myob_income_account>0</myob_income_account><myob_expense_account>0</myob_expense_account><peachtree_gl_account>0</peachtree_gl_account><condition>New</condition><is_condition_shown>false</is_condition_shown><preorder_release_date/><is_preorder_only>false</is_preorder_only><preorder_message>0</preorder_message><order_quantity_minimum>0</order_quantity_minimum><order_quantity_maximum>0</order_quantity_maximum><open_graph_type>product</open_graph_type><open_graph_title/><open_graph_description/><is_open_graph_thumbnail>true</is_open_graph_thumbnail><upc/><avalara_product_tax_code/><date_last_imported/><option_set_id>16</option_set_id><tax_class_id>0</tax_class_id><option_set_display>right</option_set_display><bin_picking_number>0</bin_picking_number><custom_url>/1-l-le-parfait-jar/</custom_url><primary_image><id>311</id><zoom_url>https://cdn6.bigcommerce.com/s-vbsnww/products/93/images/311/leparfaitmedium3.1435948177.1280.1280.png?c=2</zoom_url><thumbnail_url>https://cdn6.bigcommerce.com/s-vbsnww/products/93/images/311/leparfaitmedium3.1435948177.244.365.png?c=2</thumbnail_url><standard_url>https://cdn6.bigcommerce.com/s-vbsnww/products/93/images/311/leparfaitmedium3.1435948177.332.500.png?c=2</standard_url><tiny_url>https://cdn6.bigcommerce.com/s-vbsnww/products/93/images/311/leparfaitmedium3.1435948177.90.90.png?c=2</tiny_url></primary_image><availability>available</availability><brand><link rel="resource" href="https://store-vbsnww.mybigcommerce.com/api/v2/brands/36.xml">/brands/36</link></brand><downloads><link rel="resource" href="https://store-vbsnww.mybigcommerce.com/api/v2/products/93/downloads.xml">/products/93/downloads</link></downloads><images><link rel="resource" href="https://store-vbsnww.mybigcommerce.com/api/v2/products/93/images.xml">/products/93/images</link></images><discount_rules><link rel="resource" href="https://store-vbsnww.mybigcommerce.com/api/v2/products/93/discountrules.xml">/products/93/discountrules</link></discount_rules><configurable_fields><link rel="resource" href="https://store-vbsnww.mybigcommerce.com/api/v2/products/93/configurablefields.xml">/products/93/configurablefields</link></configurable_fields><custom_fields><link rel="resource" href="https://store-vbsnww.mybigcommerce.com/api/v2/products/93/customfields.xml">/products/93/customfields</link></custom_fields><videos><link rel="resource" href="https://store-vbsnww.mybigcommerce.com/api/v2/products/93/videos.xml">/products/93/videos</link></videos><skus><link rel="resource" href="https://store-vbsnww.mybigcommerce.com/api/v2/products/93/skus.xml">/products/93/skus</link></skus><rules><link rel="resource" href="https://store-vbsnww.mybigcommerce.com/api/v2/products/93/rules.xml">/products/93/rules</link></rules><option_set><link rel="resource" href="https://store-vbsnww.mybigcommerce.com/api/v2/optionsets/16.xml">/optionsets/16</link></option_set><options><link rel="resource" href="https://store-vbsnww.mybigcommerce.com/api/v2/products/93/options.xml">/products/93/options</link></options><tax_class><link rel="resource" href="https://store-vbsnww.mybigcommerce.com/api/v2/taxclasses/0.xml">/taxclasses/0</link></tax_class><reviews><link rel="resource" href="https://store-vbsnww.mybigcommerce.com/api/v2/products/93/reviews.xml">/products/93/reviews</link></reviews><metadata/></product><product><id>94</id><keyword_filter>NULL</keyword_filter><name>[Sample] Oak Cheese Grater</name><type>physical</type><sku>OCG</sku><description><![CDATA[<p>Crafted from oak and stainless steel this handy cheese grater is the perfect addition&nbsp;for the considered tabletop. Works wonderfully for grated parmesan: the fine stainless steel teeth grate the thing strings of cheese into the drawer below allowing guests to pinch as needed.&nbsp;</p>
<p>Measures &nbsp;14 x 8.6 x 8.9 cm / 5.5 x&nbsp;<span>3.38</span>&nbsp;x&nbsp;3.5&nbsp;in</p>]]></description><search_keywords/><availability_description/><price>34.9500</price><cost_price>0.0000</cost_price><retail_price>0.0000</retail_price><sale_price>0.0000</sale_price><calculated_price>34.9500</calculated_price><sort_order>0</sort_order><is_visible>true</is_visible><is_featured>false</is_featured><related_products>-1</related_products><inventory_level>0</inventory_level><inventory_warning_level>0</inventory_warning_level><warranty/><weight>1.0000</weight><width>0.0000</width><height>0.0000</height><depth>0.0000</depth><fixed_cost_shipping_price>0.0000</fixed_cost_shipping_price><is_free_shipping>false</is_free_shipping><inventory_tracking>none</inventory_tracking><rating_total>0</rating_total><rating_count>0</rating_count><total_sold>2</total_sold><date_created>Fri, 03 Jul 2015 18:31:23 +0000</date_created><brand_id>35</brand_id><view_count>9</view_count><page_title/><meta_keywords/><meta_description/><layout_file>product.html</layout_file><is_price_hidden>false</is_price_hidden><price_hidden_label>0</price_hidden_label><categories><value>21</value><value>23</value></categories><date_modified>Mon, 10 Aug 2015 19:12:41 +0000</date_modified><event_date_field_name>Delivery Date</event_date_field_name><event_date_type>none</event_date_type><event_date_start/><event_date_end/><myob_asset_account>0</myob_asset_account><myob_income_account>0</myob_income_account><myob_expense_account>0</myob_expense_account><peachtree_gl_account>0</peachtree_gl_account><condition>New</condition><is_condition_shown>false</is_condition_shown><preorder_release_date/><is_preorder_only>false</is_preorder_only><preorder_message>0</preorder_message><order_quantity_minimum>0</order_quantity_minimum><order_quantity_maximum>0</order_quantity_maximum><open_graph_type>product</open_graph_type><open_graph_title>0</open_graph_title><open_graph_description>0</open_graph_description><is_open_graph_thumbnail>true</is_open_graph_thumbnail><upc>0</upc><avalara_product_tax_code/><date_last_imported/><option_set_id>0</option_set_id><tax_class_id>0</tax_class_id><option_set_display>right</option_set_display><bin_picking_number>0</bin_picking_number><custom_url>/oak-cheese-grater/</custom_url><primary_image><id>314</id><zoom_url>https://cdn6.bigcommerce.com/s-vbsnww/products/94/images/314/oakcheesegrater2.1435948253.1280.1280.png?c=2</zoom_url><thumbnail_url>https://cdn6.bigcommerce.com/s-vbsnww/products/94/images/314/oakcheesegrater2.1435948253.244.365.png?c=2</thumbnail_url><standard_url>https://cdn6.bigcommerce.com/s-vbsnww/products/94/images/314/oakcheesegrater2.1435948253.332.500.png?c=2</standard_url><tiny_url>https://cdn6.bigcommerce.com/s-vbsnww/products/94/images/314/oakcheesegrater2.1435948253.90.90.png?c=2</tiny_url></primary_image><availability>available</availability><brand><link rel="resource" href="https://store-vbsnww.mybigcommerce.com/api/v2/brands/35.xml">/brands/35</link></brand><downloads><link rel="resource" href="https://store-vbsnww.mybigcommerce.com/api/v2/products/94/downloads.xml">/products/94/downloads</link></downloads><images><link rel="resource" href="https://store-vbsnww.mybigcommerce.com/api/v2/products/94/images.xml">/products/94/images</link></images><discount_rules><link rel="resource" href="https://store-vbsnww.mybigcommerce.com/api/v2/products/94/discountrules.xml">/products/94/discountrules</link></discount_rules><configurable_fields><link rel="resource" href="https://store-vbsnww.mybigcommerce.com/api/v2/products/94/configurablefields.xml">/products/94/configurablefields</link></configurable_fields><custom_fields><link rel="resource" href="https://store-vbsnww.mybigcommerce.com/api/v2/products/94/customfields.xml">/products/94/customfields</link></custom_fields><videos><link rel="resource" href="https://store-vbsnww.mybigcommerce.com/api/v2/products/94/videos.xml">/products/94/videos</link></videos><skus><link rel="resource" href="https://store-vbsnww.mybigcommerce.com/api/v2/products/94/skus.xml">/products/94/skus</link></skus><rules><link rel="resource" href="https://store-vbsnww.mybigcommerce.com/api/v2/products/94/rules.xml">/products/94/rules</link></rules><option_set><link rel="resource" href="https://store-vbsnww.mybigcommerce.com/api/v2/optionsets/0.xml">/optionsets/0</link></option_set><options><link rel="resource" href="https://store-vbsnww.mybigcommerce.com/api/v2/products/94/options.xml">/products/94/options</link></options><tax_class><link rel="resource" href="https://store-vbsnww.mybigcommerce.com/api/v2/taxclasses/0.xml">/taxclasses/0</link></tax_class><reviews><link rel="resource" href="https://store-vbsnww.mybigcommerce.com/api/v2/products/94/reviews.xml">/products/94/reviews</link></reviews><metadata/></product><product><id>97</id><keyword_filter>NULL</keyword_filter><name>[Sample] Tiered Wire Basket</name><type>physical</type><sku>TWB</sku><description><![CDATA[<p>Here's a three tiered wire basket to clean up your countertop and elevate your storage space. &nbsp;Display a selection of fresh fruit to encourage healthy snacking: pile it high and watch it fly. Can also be used as a caddy for dinner time fixings. Gather up a nice display of baked buns or cupcakes and usher them off to the table with the handy carry ring at the top.&nbsp;</p>
<p>Measures 63 x 30 cm/25 x 12 in</p>]]></description><search_keywords/><availability_description/><price>119.9500</price><cost_price>0.0000</cost_price><retail_price>0.0000</retail_price><sale_price>0.0000</sale_price><calculated_price>119.9500</calculated_price><sort_order>0</sort_order><is_visible>true</is_visible><is_featured>false</is_featured><related_products>-1</related_products><inventory_level>0</inventory_level><inventory_warning_level>0</inventory_warning_level><warranty/><weight>1.0000</weight><width>0.0000</width><height>0.0000</height><depth>0.0000</depth><fixed_cost_shipping_price>0.0000</fixed_cost_shipping_price><is_free_shipping>false</is_free_shipping><inventory_tracking>none</inventory_tracking><rating_total>0</rating_total><rating_count>0</rating_count><total_sold>2147483647</total_sold><date_created>Fri, 03 Jul 2015 18:36:40 +0000</date_created><brand_id>36</brand_id><view_count>12</view_count><page_title/><meta_keywords/><meta_description/><layout_file>product.html</layout_file><is_price_hidden>false</is_price_hidden><price_hidden_label>0</price_hidden_label><categories><value>21</value><value>23</value></categories><date_modified>Fri, 21 Aug 2015 22:53:23 +0000</date_modified><event_date_field_name>Delivery Date</event_date_field_name><event_date_type>none</event_date_type><event_date_start/><event_date_end/><myob_asset_account>0</myob_asset_account><myob_income_account>0</myob_income_account><myob_expense_account>0</myob_expense_account><peachtree_gl_account>0</peachtree_gl_account><condition>New</condition><is_condition_shown>false</is_condition_shown><preorder_release_date/><is_preorder_only>false</is_preorder_only><preorder_message>0</preorder_message><order_quantity_minimum>0</order_quantity_minimum><order_quantity_maximum>0</order_quantity_maximum><open_graph_type>product</open_graph_type><open_graph_title>0</open_graph_title><open_graph_description>0</open_graph_description><is_open_graph_thumbnail>true</is_open_graph_thumbnail><upc>0</upc><avalara_product_tax_code/><date_last_imported/><option_set_id>0</option_set_id><tax_class_id>0</tax_class_id><option_set_display>right</option_set_display><bin_picking_number>0</bin_picking_number><custom_url>/tiered-wire-basket/</custom_url><primary_image><id>325</id><zoom_url>https://cdn6.bigcommerce.com/s-vbsnww/products/97/images/325/tieredbasket.1435948588.1280.1280.png?c=2</zoom_url><thumbnail_url>https://cdn6.bigcommerce.com/s-vbsnww/products/97/images/325/tieredbasket.1435948588.244.365.png?c=2</thumbnail_url><standard_url>https://cdn6.bigcommerce.com/s-vbsnww/products/97/images/325/tieredbasket.1435948588.332.500.png?c=2</standard_url><tiny_url>https://cdn6.bigcommerce.com/s-vbsnww/products/97/images/325/tieredbasket.1435948588.90.90.png?c=2</tiny_url></primary_image><availability>available</availability><brand><link rel="resource" href="https://store-vbsnww.mybigcommerce.com/api/v2/brands/36.xml">/brands/36</link></brand><downloads><link rel="resource" href="https://store-vbsnww.mybigcommerce.com/api/v2/products/97/downloads.xml">/products/97/downloads</link></downloads><images><link rel="resource" href="https://store-vbsnww.mybigcommerce.com/api/v2/products/97/images.xml">/products/97/images</link></images><discount_rules><link rel="resource" href="https://store-vbsnww.mybigcommerce.com/api/v2/products/97/discountrules.xml">/products/97/discountrules</link></discount_rules><configurable_fields><link rel="resource" href="https://store-vbsnww.mybigcommerce.com/api/v2/products/97/configurablefields.xml">/products/97/configurablefields</link></configurable_fields><custom_fields><link rel="resource" href="https://store-vbsnww.mybigcommerce.com/api/v2/products/97/customfields.xml">/products/97/customfields</link></custom_fields><videos><link rel="resource" href="https://store-vbsnww.mybigcommerce.com/api/v2/products/97/videos.xml">/products/97/videos</link></videos><skus><link rel="resource" href="https://store-vbsnww.mybigcommerce.com/api/v2/products/97/skus.xml">/products/97/skus</link></skus><rules><link rel="resource" href="https://store-vbsnww.mybigcommerce.com/api/v2/products/97/rules.xml">/products/97/rules</link></rules><option_set><link rel="resource" href="https://store-vbsnww.mybigcommerce.com/api/v2/optionsets/0.xml">/optionsets/0</link></option_set><options><link rel="resource" href="https://store-vbsnww.mybigcommerce.com/api/v2/products/97/options.xml">/products/97/options</link></options><tax_class><link rel="resource" href="https://store-vbsnww.mybigcommerce.com/api/v2/taxclasses/0.xml">/taxclasses/0</link></tax_class><reviews><link rel="resource" href="https://store-vbsnww.mybigcommerce.com/api/v2/products/97/reviews.xml">/products/97/reviews</link></reviews><metadata/></product><product><id>98</id><keyword_filter>NULL</keyword_filter><name>[Sample] Laundry Detergent</name><type>physical</type><sku>CGLD</sku><description><![CDATA[<p>A 100% biodegradable plant based 3x concentrated laundry detergent for&nbsp;use in conventional and high efficiency machines. This product is leaping bunny certified and has not been tested on animals.&nbsp;</p>
<p>Lavender Scented. Contains 48 High Efficiency Loads.</p>
<p>Free from synthetic fragrance and phthalates,&nbsp;optical brighteners, dye, chlorine bleach and ammonia.&nbsp;</p>
<p>ingredients:&nbsp;purified water, decyl glucoside, caprylyl/capryl glucoside, coconut fatty acid, L-lactic acid, potassium hydroxide, protease enzyme, amylase enzyme, citric acid, lipase enzyme</p>
<p>950 ml/32 fl oz</p>]]></description><search_keywords/><availability_description/><price>29.9500</price><cost_price>0.0000</cost_price><retail_price>0.0000</retail_price><sale_price>0.0000</sale_price><calculated_price>29.9500</calculated_price><sort_order>0</sort_order><is_visible>true</is_visible><is_featured>false</is_featured><related_products>-1</related_products><inventory_level>0</inventory_level><inventory_warning_level>0</inventory_warning_level><warranty/><weight>1.0000</weight><width>0.0000</width><height>0.0000</height><depth>0.0000</depth><fixed_cost_shipping_price>0.0000</fixed_cost_shipping_price><is_free_shipping>false</is_free_shipping><inventory_tracking>none</inventory_tracking><rating_total>0</rating_total><rating_count>0</rating_count><total_sold>0</total_sold><date_created>Fri, 03 Jul 2015 18:40:23 +0000</date_created><brand_id>37</brand_id><view_count>13</view_count><page_title/><meta_keywords/><meta_description/><layout_file>product.html</layout_file><is_price_hidden>false</is_price_hidden><price_hidden_label>0</price_hidden_label><categories><value>22</value><value>23</value></categories><date_modified>Fri, 03 Jul 2015 20:45:53 +0000</date_modified><event_date_field_name>Delivery Date</event_date_field_name><event_date_type>none</event_date_type><event_date_start/><event_date_end/><myob_asset_account>0</myob_asset_account><myob_income_account>0</myob_income_account><myob_expense_account>0</myob_expense_account><peachtree_gl_account>0</peachtree_gl_account><condition>New</condition><is_condition_shown>false</is_condition_shown><preorder_release_date/><is_preorder_only>false</is_preorder_only><preorder_message>0</preorder_message><order_quantity_minimum>0</order_quantity_minimum><order_quantity_maximum>0</order_quantity_maximum><open_graph_type>product</open_graph_type><open_graph_title>0</open_graph_title><open_graph_description>0</open_graph_description><is_open_graph_thumbnail>true</is_open_graph_thumbnail><upc>0</upc><avalara_product_tax_code/><date_last_imported/><option_set_id>0</option_set_id><tax_class_id>0</tax_class_id><option_set_display>right</option_set_display><bin_picking_number>0</bin_picking_number><custom_url>/laundry-detergent/</custom_url><primary_image><id>327</id><zoom_url>https://cdn6.bigcommerce.com/s-vbsnww/products/98/images/327/CommonGoodLaundrySoap.1435948818.1280.1280.png?c=2</zoom_url><thumbnail_url>https://cdn6.bigcommerce.com/s-vbsnww/products/98/images/327/CommonGoodLaundrySoap.1435948818.244.365.png?c=2</thumbnail_url><standard_url>https://cdn6.bigcommerce.com/s-vbsnww/products/98/images/327/CommonGoodLaundrySoap.1435948818.332.500.png?c=2</standard_url><tiny_url>https://cdn6.bigcommerce.com/s-vbsnww/products/98/images/327/CommonGoodLaundrySoap.1435948818.90.90.png?c=2</tiny_url></primary_image><availability>available</availability><brand><link rel="resource" href="https://store-vbsnww.mybigcommerce.com/api/v2/brands/37.xml">/brands/37</link></brand><downloads><link rel="resource" href="https://store-vbsnww.mybigcommerce.com/api/v2/products/98/downloads.xml">/products/98/downloads</link></downloads><images><link rel="resource" href="https://store-vbsnww.mybigcommerce.com/api/v2/products/98/images.xml">/products/98/images</link></images><discount_rules><link rel="resource" href="https://store-vbsnww.mybigcommerce.com/api/v2/products/98/discountrules.xml">/products/98/discountrules</link></discount_rules><configurable_fields><link rel="resource" href="https://store-vbsnww.mybigcommerce.com/api/v2/products/98/configurablefields.xml">/products/98/configurablefields</link></configurable_fields><custom_fields><link rel="resource" href="https://store-vbsnww.mybigcommerce.com/api/v2/products/98/customfields.xml">/products/98/customfields</link></custom_fields><videos><link rel="resource" href="https://store-vbsnww.mybigcommerce.com/api/v2/products/98/videos.xml">/products/98/videos</link></videos><skus><link rel="resource" href="https://store-vbsnww.mybigcommerce.com/api/v2/products/98/skus.xml">/products/98/skus</link></skus><rules><link rel="resource" href="https://store-vbsnww.mybigcommerce.com/api/v2/products/98/rules.xml">/products/98/rules</link></rules><option_set><link rel="resource" href="https://store-vbsnww.mybigcommerce.com/api/v2/optionsets/0.xml">/optionsets/0</link></option_set><options><link rel="resource" href="https://store-vbsnww.mybigcommerce.com/api/v2/products/98/options.xml">/products/98/options</link></options><tax_class><link rel="resource" href="https://store-vbsnww.mybigcommerce.com/api/v2/taxclasses/0.xml">/taxclasses/0</link></tax_class><reviews><link rel="resource" href="https://store-vbsnww.mybigcommerce.com/api/v2/products/98/reviews.xml">/products/98/reviews</link></reviews><metadata/></product><product><id>103</id><keyword_filter>NULL</keyword_filter><name>[Sample] Canvas Laundry Cart</name><type>physical</type><sku>CLC</sku><description><![CDATA[<div>
<p>The last laundry cart you'll ever buy. This industrial non-collapsable cart is constructed with a steel framed body using heavyweight canvas capped with a soft leather rim sitting on four smooth rolling casters. Keeps the grubby garments off the floor and almost makes laundry enjoyable. Can also be used as the ideal storage solution: many people find it ideal for children's toys or a load of chopped firewood. Load it up and wheel it away.&nbsp;</p>
</div>
<div>
<p>Natural Heavyweight Canvas with Vegetable Tanned Leather Rim</p>
</div>
<div>
<p>Measures 45 x 45 x 53 cm/18 x 18 x 21 in</p>
</div>
<p>This item is not available for international orders nor does it qualify for gift-wrapping.</p>]]></description><search_keywords/><availability_description/><price>249.0000</price><cost_price>0.0000</cost_price><retail_price>0.0000</retail_price><sale_price>200.0000</sale_price><calculated_price>200.0000</calculated_price><sort_order>0</sort_order><is_visible>true</is_visible><is_featured>false</is_featured><related_products>-1</related_products><inventory_level>0</inventory_level><inventory_warning_level>0</inventory_warning_level><warranty/><weight>1.0000</weight><width>0.0000</width><height>0.0000</height><depth>0.0000</depth><fixed_cost_shipping_price>0.0000</fixed_cost_shipping_price><is_free_shipping>false</is_free_shipping><inventory_tracking>none</inventory_tracking><rating_total>0</rating_total><rating_count>0</rating_count><total_sold>2147483647</total_sold><date_created>Fri, 03 Jul 2015 18:48:07 +0000</date_created><brand_id>36</brand_id><view_count>20</view_count><page_title/><meta_keywords/><meta_description/><layout_file>product.html</layout_file><is_price_hidden>false</is_price_hidden><price_hidden_label>0</price_hidden_label><categories><value>22</value><value>23</value></categories><date_modified>Fri, 21 Aug 2015 22:53:23 +0000</date_modified><event_date_field_name>Delivery Date</event_date_field_name><event_date_type>none</event_date_type><event_date_start/><event_date_end/><myob_asset_account>0</myob_asset_account><myob_income_account>0</myob_income_account><myob_expense_account>0</myob_expense_account><peachtree_gl_account>0</peachtree_gl_account><condition>New</condition><is_condition_shown>false</is_condition_shown><preorder_release_date/><is_preorder_only>false</is_preorder_only><preorder_message>0</preorder_message><order_quantity_minimum>0</order_quantity_minimum><order_quantity_maximum>0</order_quantity_maximum><open_graph_type>product</open_graph_type><open_graph_title>0</open_graph_title><open_graph_description>0</open_graph_description><is_open_graph_thumbnail>true</is_open_graph_thumbnail><upc>0</upc><avalara_product_tax_code/><date_last_imported/><option_set_id>0</option_set_id><tax_class_id>0</tax_class_id><option_set_display>right</option_set_display><bin_picking_number>0</bin_picking_number><custom_url>/canvas-laundry-cart/</custom_url><primary_image><id>334</id><zoom_url>https://cdn6.bigcommerce.com/s-vbsnww/products/103/images/334/naturalcanvascart2.1435949279.1280.1280.png?c=2</zoom_url><thumbnail_url>https://cdn6.bigcommerce.com/s-vbsnww/products/103/images/334/naturalcanvascart2.1435949279.244.365.png?c=2</thumbnail_url><standard_url>https://cdn6.bigcommerce.com/s-vbsnww/products/103/images/334/naturalcanvascart2.1435949279.332.500.png?c=2</standard_url><tiny_url>https://cdn6.bigcommerce.com/s-vbsnww/products/103/images/334/naturalcanvascart2.1435949279.90.90.png?c=2</tiny_url></primary_image><availability>available</availability><brand><link rel="resource" href="https://store-vbsnww.mybigcommerce.com/api/v2/brands/36.xml">/brands/36</link></brand><downloads><link rel="resource" href="https://store-vbsnww.mybigcommerce.com/api/v2/products/103/downloads.xml">/products/103/downloads</link></downloads><images><link rel="resource" href="https://store-vbsnww.mybigcommerce.com/api/v2/products/103/images.xml">/products/103/images</link></images><discount_rules><link rel="resource" href="https://store-vbsnww.mybigcommerce.com/api/v2/products/103/discountrules.xml">/products/103/discountrules</link></discount_rules><configurable_fields><link rel="resource" href="https://store-vbsnww.mybigcommerce.com/api/v2/products/103/configurablefields.xml">/products/103/configurablefields</link></configurable_fields><custom_fields><link rel="resource" href="https://store-vbsnww.mybigcommerce.com/api/v2/products/103/customfields.xml">/products/103/customfields</link></custom_fields><videos><link rel="resource" href="https://store-vbsnww.mybigcommerce.com/api/v2/products/103/videos.xml">/products/103/videos</link></videos><skus><link rel="resource" href="https://store-vbsnww.mybigcommerce.com/api/v2/products/103/skus.xml">/products/103/skus</link></skus><rules><link rel="resource" href="https://store-vbsnww.mybigcommerce.com/api/v2/products/103/rules.xml">/products/103/rules</link></rules><option_set><link rel="resource" href="https://store-vbsnww.mybigcommerce.com/api/v2/optionsets/0.xml">/optionsets/0</link></option_set><options><link rel="resource" href="https://store-vbsnww.mybigcommerce.com/api/v2/products/103/options.xml">/products/103/options</link></options><tax_class><link rel="resource" href="https://store-vbsnww.mybigcommerce.com/api/v2/taxclasses/0.xml">/taxclasses/0</link></tax_class><reviews><link rel="resource" href="https://store-vbsnww.mybigcommerce.com/api/v2/products/103/reviews.xml">/products/103/reviews</link></reviews><metadata/></product><product><id>104</id><keyword_filter>NULL</keyword_filter><name>[Sample] Utility Caddy</name><type>physical</type><sku>OFSUC</sku><description><![CDATA[<p>This powder coated steel utility caddy ensures your cleaning essentials are stowed away in one spot ready for your household chores. Brushes, cloths, liquid soaps can all easily be stashed away. Also ideal to be used as a garden caddy to easily grab from the shed for a days work. Works well as a mop bucket too. The wood carrying handle ensures a comfortable grip when toting it from room to room.&nbsp;</p>
<p>Measures 19 h x 36 w x 20 dia cm/7.5 h x 14.1 w x 7.8 dia in</p>]]></description><search_keywords/><availability_description/><price>45.9500</price><cost_price>0.0000</cost_price><retail_price>0.0000</retail_price><sale_price>0.0000</sale_price><calculated_price>45.9500</calculated_price><sort_order>0</sort_order><is_visible>true</is_visible><is_featured>false</is_featured><related_products>-1</related_products><inventory_level>0</inventory_level><inventory_warning_level>0</inventory_warning_level><warranty/><weight>1.0000</weight><width>0.0000</width><height>0.0000</height><depth>0.0000</depth><fixed_cost_shipping_price>0.0000</fixed_cost_shipping_price><is_free_shipping>false</is_free_shipping><inventory_tracking>none</inventory_tracking><rating_total>0</rating_total><rating_count>0</rating_count><total_sold>0</total_sold><date_created>Fri, 03 Jul 2015 18:49:26 +0000</date_created><brand_id>36</brand_id><view_count>621</view_count><page_title/><meta_keywords/><meta_description/><layout_file>product.html</layout_file><is_price_hidden>false</is_price_hidden><price_hidden_label>0</price_hidden_label><categories><value>22</value><value>23</value></categories><date_modified>Fri, 03 Jul 2015 20:45:54 +0000</date_modified><event_date_field_name>Delivery Date</event_date_field_name><event_date_type>none</event_date_type><event_date_start/><event_date_end/><myob_asset_account>0</myob_asset_account><myob_income_account>0</myob_income_account><myob_expense_account>0</myob_expense_account><peachtree_gl_account>0</peachtree_gl_account><condition>New</condition><is_condition_shown>false</is_condition_shown><preorder_release_date/><is_preorder_only>false</is_preorder_only><preorder_message>0</preorder_message><order_quantity_minimum>0</order_quantity_minimum><order_quantity_maximum>0</order_quantity_maximum><open_graph_type>product</open_graph_type><open_graph_title>0</open_graph_title><open_graph_description>0</open_graph_description><is_open_graph_thumbnail>true</is_open_graph_thumbnail><upc>0</upc><avalara_product_tax_code/><date_last_imported/><option_set_id>0</option_set_id><tax_class_id>0</tax_class_id><option_set_display>right</option_set_display><bin_picking_number>0</bin_picking_number><custom_url>/utility-caddy/</custom_url><primary_image><id>336</id><zoom_url>https://cdn6.bigcommerce.com/s-vbsnww/products/104/images/336/utilitybucket1.1435949357.1280.1280.png?c=2</zoom_url><thumbnail_url>https://cdn6.bigcommerce.com/s-vbsnww/products/104/images/336/utilitybucket1.1435949357.244.365.png?c=2</thumbnail_url><standard_url>https://cdn6.bigcommerce.com/s-vbsnww/products/104/images/336/utilitybucket1.1435949357.332.500.png?c=2</standard_url><tiny_url>https://cdn6.bigcommerce.com/s-vbsnww/products/104/images/336/utilitybucket1.1435949357.90.90.png?c=2</tiny_url></primary_image><availability>available</availability><brand><link rel="resource" href="https://store-vbsnww.mybigcommerce.com/api/v2/brands/36.xml">/brands/36</link></brand><downloads><link rel="resource" href="https://store-vbsnww.mybigcommerce.com/api/v2/products/104/downloads.xml">/products/104/downloads</link></downloads><images><link rel="resource" href="https://store-vbsnww.mybigcommerce.com/api/v2/products/104/images.xml">/products/104/images</link></images><discount_rules><link rel="resource" href="https://store-vbsnww.mybigcommerce.com/api/v2/products/104/discountrules.xml">/products/104/discountrules</link></discount_rules><configurable_fields><link rel="resource" href="https://store-vbsnww.mybigcommerce.com/api/v2/products/104/configurablefields.xml">/products/104/configurablefields</link></configurable_fields><custom_fields><link rel="resource" href="https://store-vbsnww.mybigcommerce.com/api/v2/products/104/customfields.xml">/products/104/customfields</link></custom_fields><videos><link rel="resource" href="https://store-vbsnww.mybigcommerce.com/api/v2/products/104/videos.xml">/products/104/videos</link></videos><skus><link rel="resource" href="https://store-vbsnww.mybigcommerce.com/api/v2/products/104/skus.xml">/products/104/skus</link></skus><rules><link rel="resource" href="https://store-vbsnww.mybigcommerce.com/api/v2/products/104/rules.xml">/products/104/rules</link></rules><option_set><link rel="resource" href="https://store-vbsnww.mybigcommerce.com/api/v2/optionsets/0.xml">/optionsets/0</link></option_set><options><link rel="resource" href="https://store-vbsnww.mybigcommerce.com/api/v2/products/104/options.xml">/products/104/options</link></options><tax_class><link rel="resource" href="https://store-vbsnww.mybigcommerce.com/api/v2/taxclasses/0.xml">/taxclasses/0</link></tax_class><reviews><link rel="resource" href="https://store-vbsnww.mybigcommerce.com/api/v2/products/104/reviews.xml">/products/104/reviews</link></reviews><metadata/></product><product><id>107</id><keyword_filter>NULL</keyword_filter><name><![CDATA[[Sample] Dustpan & Brush]]></name><type>physical</type><sku>DPB</sku><description><![CDATA[<p>A seemingly simple dustpan with a few features to make life easier. The arch and length of the dustpan eases cleanup, the wood turned handle provides firm grip and the rubber liner along the edge of the scoop will retrieve small crumbs with a single swipe. A key ring at the top makes storage a cinch - hang it off a broom closet hook when not in use.&nbsp;</p>
<p>Dustpan Measures 45 cm/17.7 in</p>]]></description><search_keywords/><availability_description/><price>34.9500</price><cost_price>0.0000</cost_price><retail_price>0.0000</retail_price><sale_price>0.0000</sale_price><calculated_price>34.9500</calculated_price><sort_order>0</sort_order><is_visible>true</is_visible><is_featured>false</is_featured><related_products>-1</related_products><inventory_level>0</inventory_level><inventory_warning_level>0</inventory_warning_level><warranty/><weight>1.0000</weight><width>0.0000</width><height>0.0000</height><depth>0.0000</depth><fixed_cost_shipping_price>0.0000</fixed_cost_shipping_price><is_free_shipping>false</is_free_shipping><inventory_tracking>none</inventory_tracking><rating_total>0</rating_total><rating_count>0</rating_count><total_sold>0</total_sold><date_created>Fri, 03 Jul 2015 18:56:16 +0000</date_created><brand_id>36</brand_id><view_count>7</view_count><page_title/><meta_keywords/><meta_description/><layout_file>product.html</layout_file><is_price_hidden>false</is_price_hidden><price_hidden_label>0</price_hidden_label><categories><value>22</value><value>23</value></categories><date_modified>Fri, 03 Jul 2015 20:45:54 +0000</date_modified><event_date_field_name>Delivery Date</event_date_field_name><event_date_type>none</event_date_type><event_date_start/><event_date_end/><myob_asset_account>0</myob_asset_account><myob_income_account>0</myob_income_account><myob_expense_account>0</myob_expense_account><peachtree_gl_account>0</peachtree_gl_account><condition>New</condition><is_condition_shown>false</is_condition_shown><preorder_release_date/><is_preorder_only>false</is_preorder_only><preorder_message>0</preorder_message><order_quantity_minimum>0</order_quantity_minimum><order_quantity_maximum>0</order_quantity_maximum><open_graph_type>product</open_graph_type><open_graph_title>0</open_graph_title><open_graph_description>0</open_graph_description><is_open_graph_thumbnail>true</is_open_graph_thumbnail><upc>0</upc><avalara_product_tax_code/><date_last_imported/><option_set_id>0</option_set_id><tax_class_id>0</tax_class_id><option_set_display>right</option_set_display><bin_picking_number>0</bin_picking_number><custom_url>/dustpan-brush/</custom_url><primary_image><id>351</id><zoom_url>https://cdn6.bigcommerce.com/s-vbsnww/products/107/images/351/dustpan1.1435949755.1280.1280.png?c=2</zoom_url><thumbnail_url>https://cdn6.bigcommerce.com/s-vbsnww/products/107/images/351/dustpan1.1435949755.244.365.png?c=2</thumbnail_url><standard_url>https://cdn6.bigcommerce.com/s-vbsnww/products/107/images/351/dustpan1.1435949755.332.500.png?c=2</standard_url><tiny_url>https://cdn6.bigcommerce.com/s-vbsnww/products/107/images/351/dustpan1.1435949755.90.90.png?c=2</tiny_url></primary_image><availability>available</availability><brand><link rel="resource" href="https://store-vbsnww.mybigcommerce.com/api/v2/brands/36.xml">/brands/36</link></brand><downloads><link rel="resource" href="https://store-vbsnww.mybigcommerce.com/api/v2/products/107/downloads.xml">/products/107/downloads</link></downloads><images><link rel="resource" href="https://store-vbsnww.mybigcommerce.com/api/v2/products/107/images.xml">/products/107/images</link></images><discount_rules><link rel="resource" href="https://store-vbsnww.mybigcommerce.com/api/v2/products/107/discountrules.xml">/products/107/discountrules</link></discount_rules><configurable_fields><link rel="resource" href="https://store-vbsnww.mybigcommerce.com/api/v2/products/107/configurablefields.xml">/products/107/configurablefields</link></configurable_fields><custom_fields><link rel="resource" href="https://store-vbsnww.mybigcommerce.com/api/v2/products/107/customfields.xml">/products/107/customfields</link></custom_fields><videos><link rel="resource" href="https://store-vbsnww.mybigcommerce.com/api/v2/products/107/videos.xml">/products/107/videos</link></videos><skus><link rel="resource" href="https://store-vbsnww.mybigcommerce.com/api/v2/products/107/skus.xml">/products/107/skus</link></skus><rules><link rel="resource" href="https://store-vbsnww.mybigcommerce.com/api/v2/products/107/rules.xml">/products/107/rules</link></rules><option_set><link rel="resource" href="https://store-vbsnww.mybigcommerce.com/api/v2/optionsets/0.xml">/optionsets/0</link></option_set><options><link rel="resource" href="https://store-vbsnww.mybigcommerce.com/api/v2/products/107/options.xml">/products/107/options</link></options><tax_class><link rel="resource" href="https://store-vbsnww.mybigcommerce.com/api/v2/taxclasses/0.xml">/taxclasses/0</link></tax_class><reviews><link rel="resource" href="https://store-vbsnww.mybigcommerce.com/api/v2/products/107/reviews.xml">/products/107/reviews</link></reviews><metadata/></product><product><id>111</id><keyword_filter>NULL</keyword_filter><name>[Sample] Smith Journal 13</name><type>physical</type><sku>SM13</sku><description><![CDATA[<p>Volume 13 of Smith Journal is crammed with more than its fair share of sharp minds. Top of the list would have to be Solomon Shereshevsky, who remembered every single thing he&rsquo;d ever come across &ndash; a great skill to have when it came to party tricks, but enough to send him crackers. &nbsp;And then there&rsquo;s Delbert Trew who spends more time than you can imagine thinking about something very sharp indeed: barbed wire.&nbsp;You can&rsquo;t go past Samuel Morse, either, who was a famous portrait painter before he gave his name to the code he invented. What a genius!&nbsp;And we&rsquo;re pretty taken with Noel Turner, who was smart enough to get around some pretty weird New Zealand laws to invent a car that, for a while, was a huge success.&nbsp;As well, you&rsquo;ll find stories on a cross-dressing spy, a couple of Sydney nerds who revolutionised modern music, court illustration, big wheels, the dubious science of controlling the weather and a whole stack of other stuff.</p>
<p>143 Pages</p>]]></description><search_keywords/><availability_description/><price>25.0000</price><cost_price>0.0000</cost_price><retail_price>0.0000</retail_price><sale_price>0.0000</sale_price><calculated_price>25.0000</calculated_price><sort_order>0</sort_order><is_visible>true</is_visible><is_featured>false</is_featured><related_products>-1</related_products><inventory_level>0</inventory_level><inventory_warning_level>0</inventory_warning_level><warranty/><weight>1.0000</weight><width>0.0000</width><height>0.0000</height><depth>0.0000</depth><fixed_cost_shipping_price>0.0000</fixed_cost_shipping_price><is_free_shipping>false</is_free_shipping><inventory_tracking>none</inventory_tracking><rating_total>0</rating_total><rating_count>0</rating_count><total_sold>0</total_sold><date_created>Fri, 03 Jul 2015 20:55:30 +0000</date_created><brand_id>0</brand_id><view_count>63</view_count><page_title/><meta_keywords/><meta_description/><layout_file>product.html</layout_file><is_price_hidden>false</is_price_hidden><price_hidden_label>0</price_hidden_label><categories><value>20</value><value>23</value></categories><date_modified>Tue, 11 Aug 2015 19:04:19 +0000</date_modified><event_date_field_name>Delivery Date</event_date_field_name><event_date_type>none</event_date_type><event_date_start/><event_date_end/><myob_asset_account>0</myob_asset_account><myob_income_account>0</myob_income_account><myob_expense_account>0</myob_expense_account><peachtree_gl_account>0</peachtree_gl_account><condition>New</condition><is_condition_shown>false</is_condition_shown><preorder_release_date/><is_preorder_only>false</is_preorder_only><preorder_message>0</preorder_message><order_quantity_minimum>0</order_quantity_minimum><order_quantity_maximum>0</order_quantity_maximum><open_graph_type>product</open_graph_type><open_graph_title>0</open_graph_title><open_graph_description>0</open_graph_description><is_open_graph_thumbnail>true</is_open_graph_thumbnail><upc>0</upc><avalara_product_tax_code/><date_last_imported/><option_set_id>0</option_set_id><tax_class_id>0</tax_class_id><option_set_display>right</option_set_display><bin_picking_number>0</bin_picking_number><custom_url>/smith-journal-13/</custom_url><primary_image><id>371</id><zoom_url>https://cdn6.bigcommerce.com/s-vbsnww/products/111/images/371/smithjournal1.1435956911.1280.1280.png?c=2</zoom_url><thumbnail_url>https://cdn6.bigcommerce.com/s-vbsnww/products/111/images/371/smithjournal1.1435956911.244.365.png?c=2</thumbnail_url><standard_url>https://cdn6.bigcommerce.com/s-vbsnww/products/111/images/371/smithjournal1.1435956911.332.500.png?c=2</standard_url><tiny_url>https://cdn6.bigcommerce.com/s-vbsnww/products/111/images/371/smithjournal1.1435956911.90.90.png?c=2</tiny_url></primary_image><availability>available</availability><brand><link rel="resource" href="https://store-vbsnww.mybigcommerce.com/api/v2/brands/0.xml">/brands/0</link></brand><downloads><link rel="resource" href="https://store-vbsnww.mybigcommerce.com/api/v2/products/111/downloads.xml">/products/111/downloads</link></downloads><images><link rel="resource" href="https://store-vbsnww.mybigcommerce.com/api/v2/products/111/images.xml">/products/111/images</link></images><discount_rules><link rel="resource" href="https://store-vbsnww.mybigcommerce.com/api/v2/products/111/discountrules.xml">/products/111/discountrules</link></discount_rules><configurable_fields><link rel="resource" href="https://store-vbsnww.mybigcommerce.com/api/v2/products/111/configurablefields.xml">/products/111/configurablefields</link></configurable_fields><custom_fields><link rel="resource" href="https://store-vbsnww.mybigcommerce.com/api/v2/products/111/customfields.xml">/products/111/customfields</link></custom_fields><videos><link rel="resource" href="https://store-vbsnww.mybigcommerce.com/api/v2/products/111/videos.xml">/products/111/videos</link></videos><skus><link rel="resource" href="https://store-vbsnww.mybigcommerce.com/api/v2/products/111/skus.xml">/products/111/skus</link></skus><rules><link rel="resource" href="https://store-vbsnww.mybigcommerce.com/api/v2/products/111/rules.xml">/products/111/rules</link></rules><option_set><link rel="resource" href="https://store-vbsnww.mybigcommerce.com/api/v2/optionsets/0.xml">/optionsets/0</link></option_set><options><link rel="resource" href="https://store-vbsnww.mybigcommerce.com/api/v2/products/111/options.xml">/products/111/options</link></options><tax_class><link rel="resource" href="https://store-vbsnww.mybigcommerce.com/api/v2/taxclasses/0.xml">/taxclasses/0</link></tax_class><reviews><link rel="resource" href="https://store-vbsnww.mybigcommerce.com/api/v2/products/111/reviews.xml">/products/111/reviews</link></reviews><metadata/></product></products>
